city,year,month,lat_city,lon_city,lat_pixel,lon_pixel,temp_c
北京,2020,1,39.9042,116.4074,40.0,116.5,-3.134
北京,2020,2,39.9042,116.4074,40.0,116.5,0.557
北京,2020,3,39.9042,116.4074,40.0,116.5,7.956
北京,2020,4,39.9042,116.4074,40.0,116.5,15.505
北京,2020,5,39.9042,116.4074,40.0,116.5,21.946
北京,2020,6,39.9042,116.4074,40.0,116.5,27.646
北京,2020,7,39.9042,116.4074,40.0,116.5,26.997
北京,2020,8,39.9042,116.4074,40.0,116.5,26.49
北京,2020,9,39.9042,116.4074,40.0,116.5,21.229
北京,2020,10,39.9042,116.4074,40.0,116.5,12.884
北京,2020,11,39.9042,116.4074,40.0,116.5,5.174
北京,2020,12,39.9042,116.4074,40.0,116.5,-3.624
北京,2021,1,39.9042,116.4074,40.0,116.5,-4.397
北京,2021,2,39.9042,116.4074,40.0,116.5,1.872
北京,2021,3,39.9042,116.4074,40.0,116.5,8.507
北京,2021,4,39.9042,116.4074,40.0,116.5,15.231
北京,2021,5,39.9042,116.4074,40.0,116.5,20.983
北京,2021,6,39.9042,116.4074,40.0,116.5,25.825
北京,2021,7,39.9042,116.4074,40.0,116.5,26.551
北京,2021,8,39.9042,116.4074,40.0,116.5,24.935
北京,2021,9,39.9042,116.4074,40.0,116.5,21.527
北京,2021,10,39.9042,116.4074,40.0,116.5,12.116
北京,2021,11,39.9042,116.4074,40.0,116.5,4.601
北京,2021,12,39.9042,116.4074,40.0,116.5,-0.755
北京,2022,1,39.9042,116.4074,40.0,116.5,-3.055
北京,2022,2,39.9042,116.4074,40.0,116.5,-1.821
北京,2022,3,39.9042,116.4074,40.0,116.5,6.503
北京,2022,4,39.9042,116.4074,40.0,116.5,15.999
北京,2022,5,39.9042,116.4074,40.0,116.5,21.655
北京,2022,6,39.9042,116.4074,40.0,116.5,26.077
北京,2022,7,39.9042,116.4074,40.0,116.5,27.892
北京,2022,8,39.9042,116.4074,40.0,116.5,25.671
北京,2022,9,39.9042,116.4074,40.0,116.5,22.901
北京,2022,10,39.9042,116.4074,40.0,116.5,13.091
北京,2022,11,39.9042,116.4074,40.0,116.5,5.913
北京,2022,12,39.9042,116.4074,40.0,116.5,-3.868
北京,2023,1,39.9042,116.4074,40.0,116.5,-3.145
北京,2023,2,39.9042,116.4074,40.0,116.5,0.406
北京,2023,3,39.9042,116.4074,40.0,116.5,9.403
北京,2023,4,39.9042,116.4074,40.0,116.5,15.177
北京,2023,5,39.9042,116.4074,40.0,116.5,22.448
北京,2023,6,39.9042,116.4074,40.0,116.5,28.962
北京,2023,7,39.9042,116.4074,40.0,116.5,28.965
北京,2023,8,39.9042,116.4074,40.0,116.5,26.611
北京,2023,9,39.9042,116.4074,40.0,116.5,21.913
北京,2023,10,39.9042,116.4074,40.0,116.5,15.055
北京,2023,11,39.9042,116.4074,40.0,116.5,3.32
北京,2023,12,39.9042,116.4074,40.0,116.5,-4.542
北京,2024,1,39.9042,116.4074,40.0,116.5,-3.632
北京,2024,2,39.9042,116.4074,40.0,116.5,-0.533
北京,2024,3,39.9042,116.4074,40.0,116.5,7.829
北京,2024,4,39.9042,116.4074,40.0,116.5,16.928
北京,2024,5,39.9042,116.4074,40.0,116.5,22.407
北京,2024,6,39.9042,116.4074,40.0,116.5,27.855
北京,2024,7,39.9042,116.4074,40.0,116.5,28.723
北京,2024,8,39.9042,116.4074,40.0,116.5,26.706
北京,2024,9,39.9042,116.4074,40.0,116.5,20.988
北京,2024,10,39.9042,116.4074,40.0,116.5,13.128
北京,2024,11,39.9042,116.4074,40.0,116.5,6.859
北京,2024,12,39.9042,116.4074,40.0,116.5,-1.204
上海,2020,1,31.2304,121.4737,31.25,121.5,7.604
上海,2020,2,31.2304,121.4737,31.25,121.5,8.961
上海,2020,3,31.2304,121.4737,31.25,121.5,12.249
上海,2020,4,31.2304,121.4737,31.25,121.5,15.281
上海,2020,5,31.2304,121.4737,31.25,121.5,22.131
上海,2020,6,31.2304,121.4737,31.25,121.5,25.409
上海,2020,7,31.2304,121.4737,31.25,121.5,26.736
上海,2020,8,31.2304,121.4737,31.25,121.5,30.009
上海,2020,9,31.2304,121.4737,31.25,121.5,24.12
上海,2020,10,31.2304,121.4737,31.25,121.5,19.173
上海,2020,11,31.2304,121.4737,31.25,121.5,15.548
上海,2020,12,31.2304,121.4737,31.25,121.5,7.255
上海,2021,1,31.2304,121.4737,31.25,121.5,5.715
上海,2021,2,31.2304,121.4737,31.25,121.5,9.95
上海,2021,3,31.2304,121.4737,31.25,121.5,12.066
上海,2021,4,31.2304,121.4737,31.25,121.5,16.496
上海,2021,5,31.2304,121.4737,31.25,121.5,21.807
上海,2021,6,31.2304,121.4737,31.25,121.5,25.041
上海,2021,7,31.2304,121.4737,31.25,121.5,28.735
上海,2021,8,31.2304,121.4737,31.25,121.5,28.398
上海,2021,9,31.2304,121.4737,31.25,121.5,26.548
上海,2021,10,31.2304,121.4737,31.25,121.5,20.954
上海,2021,11,31.2304,121.4737,31.25,121.5,13.62
上海,2021,12,31.2304,121.4737,31.25,121.5,8.099
上海,2022,1,31.2304,121.4737,31.25,121.5,6.523
上海,2022,2,31.2304,121.4737,31.25,121.5,5.835
上海,2022,3,31.2304,121.4737,31.25,121.5,12.917
上海,2022,4,31.2304,121.4737,31.25,121.5,16.811
上海,2022,5,31.2304,121.4737,31.25,121.5,20.262
上海,2022,6,31.2304,121.4737,31.25,121.5,26.079
上海,2022,7,31.2304,121.4737,31.25,121.5,30.517
上海,2022,8,31.2304,121.4737,31.25,121.5,30.591
上海,2022,9,31.2304,121.4737,31.25,121.5,24.436
上海,2022,10,31.2304,121.4737,31.25,121.5,18.898
上海,2022,11,31.2304,121.4737,31.25,121.5,16.083
上海,2022,12,31.2304,121.4737,31.25,121.5,6.32
上海,2023,1,31.2304,121.4737,31.25,121.5,6.072
上海,2023,2,31.2304,121.4737,31.25,121.5,7.499
上海,2023,3,31.2304,121.4737,31.25,121.5,12.143
上海,2023,4,31.2304,121.4737,31.25,121.5,16.867
上海,2023,5,31.2304,121.4737,31.25,121.5,21.356
上海,2023,6,31.2304,121.4737,31.25,121.5,25.247
上海,2023,7,31.2304,121.4737,31.25,121.5,29.499
上海,2023,8,31.2304,121.4737,31.25,121.5,28.761
上海,2023,9,31.2304,121.4737,31.25,121.5,26.14
上海,2023,10,31.2304,121.4737,31.25,121.5,20.436
上海,2023,11,31.2304,121.4737,31.25,121.5,14.416
上海,2023,12,31.2304,121.4737,31.25,121.5,6.984
上海,2024,1,31.2304,121.4737,31.25,121.5,5.909
上海,2024,2,31.2304,121.4737,31.25,121.5,6.604
上海,2024,3,31.2304,121.4737,31.25,121.5,11.509
上海,2024,4,31.2304,121.4737,31.25,121.5,16.604
上海,2024,5,31.2304,121.4737,31.25,121.5,20.782
上海,2024,6,31.2304,121.4737,31.25,121.5,24.2
上海,2024,7,31.2304,121.4737,31.25,121.5,30.707
上海,2024,8,31.2304,121.4737,31.25,121.5,30.951
上海,2024,9,31.2304,121.4737,31.25,121.5,27.791
上海,2024,10,31.2304,121.4737,31.25,121.5,20.409
上海,2024,11,31.2304,121.4737,31.25,121.5,15.215
上海,2024,12,31.2304,121.4737,31.25,121.5,7.222
广州,2020,1,23.1291,113.2644,23.25,113.25,17.074
广州,2020,2,23.1291,113.2644,23.25,113.25,17.69
广州,2020,3,23.1291,113.2644,23.25,113.25,20.585
广州,2020,4,23.1291,113.2644,23.25,113.25,20.997
广州,2020,5,23.1291,113.2644,23.25,113.25,28.049
广州,2020,6,23.1291,113.2644,23.25,113.25,29.306
广州,2020,7,23.1291,113.2644,23.25,113.25,30.787
广州,2020,8,23.1291,113.2644,23.25,113.25,28.775
广州,2020,9,23.1291,113.2644,23.25,113.25,27.552
广州,2020,10,23.1291,113.2644,23.25,113.25,24.486
广州,2020,11,23.1291,113.2644,23.25,113.25,22.407
广州,2020,12,23.1291,113.2644,23.25,113.25,15.624
广州,2021,1,23.1291,113.2644,23.25,113.25,14.679
广州,2021,2,23.1291,113.2644,23.25,113.25,19.34
广州,2021,3,23.1291,113.2644,23.25,113.25,21.72
广州,2021,4,23.1291,113.2644,23.25,113.25,23.899
广州,2021,5,23.1291,113.2644,23.25,113.25,28.831
广州,2021,6,23.1291,113.2644,23.25,113.25,28.745
广州,2021,7,23.1291,113.2644,23.25,113.25,29.956
广州,2021,8,23.1291,113.2644,23.25,113.25,28.882
广州,2021,9,23.1291,113.2644,23.25,113.25,29.214
广州,2021,10,23.1291,113.2644,23.25,113.25,24.142
广州,2021,11,23.1291,113.2644,23.25,113.25,20.069
广州,2021,12,23.1291,113.2644,23.25,113.25,16.153
广州,2022,1,23.1291,113.2644,23.25,113.25,15.894
广州,2022,2,23.1291,113.2644,23.25,113.25,12.661
广州,2022,3,23.1291,113.2644,23.25,113.25,21.526
广州,2022,4,23.1291,113.2644,23.25,113.25,23.044
广州,2022,5,23.1291,113.2644,23.25,113.25,24.661
广州,2022,6,23.1291,113.2644,23.25,113.25,28.374
广州,2022,7,23.1291,113.2644,23.25,113.25,30.354
广州,2022,8,23.1291,113.2644,23.25,113.25,28.866
广州,2022,9,23.1291,113.2644,23.25,113.25,28.778
广州,2022,10,23.1291,113.2644,23.25,113.25,25.474
广州,2022,11,23.1291,113.2644,23.25,113.25,22.423
广州,2022,12,23.1291,113.2644,23.25,113.25,13.869
广州,2023,1,23.1291,113.2644,23.25,113.25,15.144
广州,2023,2,23.1291,113.2644,23.25,113.25,18.017
广州,2023,3,23.1291,113.2644,23.25,113.25,20.53
广州,2023,4,23.1291,113.2644,23.25,113.25,23.216
广州,2023,5,23.1291,113.2644,23.25,113.25,26.796
广州,2023,6,23.1291,113.2644,23.25,113.25,29.114
广州,2023,7,23.1291,113.2644,23.25,113.25,30.321
广州,2023,8,23.1291,113.2644,23.25,113.25,29.324
广州,2023,9,23.1291,113.2644,23.25,113.25,28.249
广州,2023,10,23.1291,113.2644,23.25,113.25,24.799
广州,2023,11,23.1291,113.2644,23.25,113.25,21.213
广州,2023,12,23.1291,113.2644,23.25,113.25,16.242
广州,2024,1,23.1291,113.2644,23.25,113.25,15.667
广州,2024,2,23.1291,113.2644,23.25,113.25,16.327
广州,2024,3,23.1291,113.2644,23.25,113.25,20.167
广州,2024,4,23.1291,113.2644,23.25,113.25,25.321
广州,2024,5,23.1291,113.2644,23.25,113.25,25.575
广州,2024,6,23.1291,113.2644,23.25,113.25,28.487
广州,2024,7,23.1291,113.2644,23.25,113.25,29.902
广州,2024,8,23.1291,113.2644,23.25,113.25,29.562
广州,2024,9,23.1291,113.2644,23.25,113.25,28.769
广州,2024,10,23.1291,113.2644,23.25,113.25,25.821
广州,2024,11,23.1291,113.2644,23.25,113.25,21.764
广州,2024,12,23.1291,113.2644,23.25,113.25,15.956
西安,2020,1,34.3416,108.9398,34.25,109.0,2.084
西安,2020,2,34.3416,108.9398,34.25,109.0,5.959
西安,2020,3,34.3416,108.9398,34.25,109.0,11.491
西安,2020,4,34.3416,108.9398,34.25,109.0,15.47
西安,2020,5,34.3416,108.9398,34.25,109.0,21.752
西安,2020,6,34.3416,108.9398,34.25,109.0,24.103
西安,2020,7,34.3416,108.9398,34.25,109.0,25.365
西安,2020,8,34.3416,108.9398,34.25,109.0,24.859
西安,2020,9,34.3416,108.9398,34.25,109.0,21.153
西安,2020,10,34.3416,108.9398,34.25,109.0,13.445
西安,2020,11,34.3416,108.9398,34.25,109.0,8.878
西安,2020,12,34.3416,108.9398,34.25,109.0,0.637
西安,2021,1,34.3416,108.9398,34.25,109.0,2.033
西安,2021,2,34.3416,108.9398,34.25,109.0,7.323
西安,2021,3,34.3416,108.9398,34.25,109.0,11.675
西安,2021,4,34.3416,108.9398,34.25,109.0,14.899
西安,2021,5,34.3416,108.9398,34.25,109.0,21.208
西安,2021,6,34.3416,108.9398,34.25,109.0,25.459
西安,2021,7,34.3416,108.9398,34.25,109.0,26.889
西安,2021,8,34.3416,108.9398,34.25,109.0,24.837
西安,2021,9,34.3416,108.9398,34.25,109.0,21.357
西安,2021,10,34.3416,108.9398,34.25,109.0,13.481
西安,2021,11,34.3416,108.9398,34.25,109.0,7.601
西安,2021,12,34.3416,108.9398,34.25,109.0,3.114
西安,2022,1,34.3416,108.9398,34.25,109.0,2.243
西安,2022,2,34.3416,108.9398,34.25,109.0,3.511
西安,2022,3,34.3416,108.9398,34.25,109.0,13.138
西安,2022,4,34.3416,108.9398,34.25,109.0,17.511
西安,2022,5,34.3416,108.9398,34.25,109.0,21.055
西安,2022,6,34.3416,108.9398,34.25,109.0,27.487
西安,2022,7,34.3416,108.9398,34.25,109.0,27.298
西安,2022,8,34.3416,108.9398,34.25,109.0,27.993
西安,2022,9,34.3416,108.9398,34.25,109.0,21.059
西安,2022,10,34.3416,108.9398,34.25,109.0,14.222
西安,2022,11,34.3416,108.9398,34.25,109.0,9.881
西安,2022,12,34.3416,108.9398,34.25,109.0,1.548
西安,2023,1,34.3416,108.9398,34.25,109.0,1.542
西安,2023,2,34.3416,108.9398,34.25,109.0,5.642
西安,2023,3,34.3416,108.9398,34.25,109.0,12.343
西安,2023,4,34.3416,108.9398,34.25,109.0,15.507
西安,2023,5,34.3416,108.9398,34.25,109.0,19.313
西安,2023,6,34.3416,108.9398,34.25,109.0,24.308
西安,2023,7,34.3416,108.9398,34.25,109.0,27.139
西安,2023,8,34.3416,108.9398,34.25,109.0,25.96
西安,2023,9,34.3416,108.9398,34.25,109.0,21.85
西安,2023,10,34.3416,108.9398,34.25,109.0,15.299
西安,2023,11,34.3416,108.9398,34.25,109.0,8.529
西安,2023,12,34.3416,108.9398,34.25,109.0,2.115
西安,2024,1,34.3416,108.9398,34.25,109.0,1.601
西安,2024,2,34.3416,108.9398,34.25,109.0,2.831
西安,2024,3,34.3416,108.9398,34.25,109.0,12.138
西安,2024,4,34.3416,108.9398,34.25,109.0,18.645
西安,2024,5,34.3416,108.9398,34.25,109.0,22.761
西安,2024,6,34.3416,108.9398,34.25,109.0,26.034
西安,2024,7,34.3416,108.9398,34.25,109.0,26.406
西安,2024,8,34.3416,108.9398,34.25,109.0,27.871
西安,2024,9,34.3416,108.9398,34.25,109.0,24.912
西安,2024,10,34.3416,108.9398,34.25,109.0,16.026
西安,2024,11,34.3416,108.9398,34.25,109.0,9.822
西安,2024,12,34.3416,108.9398,34.25,109.0,2.235
武汉,2020,1,30.5928,114.3055,30.5,114.25,5.311
武汉,2020,2,30.5928,114.3055,30.5,114.25,9.969
武汉,2020,3,30.5928,114.3055,30.5,114.25,14.065
武汉,2020,4,30.5928,114.3055,30.5,114.25,18.042
武汉,2020,5,30.5928,114.3055,30.5,114.25,23.95
武汉,2020,6,30.5928,114.3055,30.5,114.25,26.933
武汉,2020,7,30.5928,114.3055,30.5,114.25,27.064
武汉,2020,8,30.5928,114.3055,30.5,114.25,30.603
武汉,2020,9,30.5928,114.3055,30.5,114.25,23.78
武汉,2020,10,30.5928,114.3055,30.5,114.25,17.675
武汉,2020,11,30.5928,114.3055,30.5,114.25,13.423
武汉,2020,12,30.5928,114.3055,30.5,114.25,5.856
武汉,2021,1,30.5928,114.3055,30.5,114.25,5.863
武汉,2021,2,30.5928,114.3055,30.5,114.25,11.7
武汉,2021,3,30.5928,114.3055,30.5,114.25,13.198
武汉,2021,4,30.5928,114.3055,30.5,114.25,17.125
武汉,2021,5,30.5928,114.3055,30.5,114.25,22.473
武汉,2021,6,30.5928,114.3055,30.5,114.25,27.987
武汉,2021,7,30.5928,114.3055,30.5,114.25,29.598
武汉,2021,8,30.5928,114.3055,30.5,114.25,28.287
武汉,2021,9,30.5928,114.3055,30.5,114.25,27.605
武汉,2021,10,30.5928,114.3055,30.5,114.25,18.532
武汉,2021,11,30.5928,114.3055,30.5,114.25,13.278
武汉,2021,12,30.5928,114.3055,30.5,114.25,8.147
武汉,2022,1,30.5928,114.3055,30.5,114.25,5.669
武汉,2022,2,30.5928,114.3055,30.5,114.25,5.841
武汉,2022,3,30.5928,114.3055,30.5,114.25,15.163
武汉,2022,4,30.5928,114.3055,30.5,114.25,19.647
武汉,2022,5,30.5928,114.3055,30.5,114.25,22.305
武汉,2022,6,30.5928,114.3055,30.5,114.25,28.331
武汉,2022,7,30.5928,114.3055,30.5,114.25,30.661
武汉,2022,8,30.5928,114.3055,30.5,114.25,31.597
武汉,2022,9,30.5928,114.3055,30.5,114.25,25.733
武汉,2022,10,30.5928,114.3055,30.5,114.25,18.631
武汉,2022,11,30.5928,114.3055,30.5,114.25,15.122
武汉,2022,12,30.5928,114.3055,30.5,114.25,5.667
武汉,2023,1,30.5928,114.3055,30.5,114.25,6.386
武汉,2023,2,30.5928,114.3055,30.5,114.25,7.994
武汉,2023,3,30.5928,114.3055,30.5,114.25,14.251
武汉,2023,4,30.5928,114.3055,30.5,114.25,19.06
武汉,2023,5,30.5928,114.3055,30.5,114.25,22.942
武汉,2023,6,30.5928,114.3055,30.5,114.25,26.892
武汉,2023,7,30.5928,114.3055,30.5,114.25,30.077
武汉,2023,8,30.5928,114.3055,30.5,114.25,29.822
武汉,2023,9,30.5928,114.3055,30.5,114.25,25.567
武汉,2023,10,30.5928,114.3055,30.5,114.25,20.219
武汉,2023,11,30.5928,114.3055,30.5,114.25,13.377
武汉,2023,12,30.5928,114.3055,30.5,114.25,6.431
武汉,2024,1,30.5928,114.3055,30.5,114.25,6.062
武汉,2024,2,30.5928,114.3055,30.5,114.25,5.247
武汉,2024,3,30.5928,114.3055,30.5,114.25,14.616
武汉,2024,4,30.5928,114.3055,30.5,114.25,20.018
武汉,2024,5,30.5928,114.3055,30.5,114.25,23.903
武汉,2024,6,30.5928,114.3055,30.5,114.25,26.048
武汉,2024,7,30.5928,114.3055,30.5,114.25,30.977
武汉,2024,8,30.5928,114.3055,30.5,114.25,31.843
武汉,2024,9,30.5928,114.3055,30.5,114.25,28.16
武汉,2024,10,30.5928,114.3055,30.5,114.25,19.331
武汉,2024,11,30.5928,114.3055,30.5,114.25,14.607
武汉,2024,12,30.5928,114.3055,30.5,114.25,6.761
哈尔滨,2020,1,45.8038,126.535,45.75,126.5,-15.713
哈尔滨,2020,2,45.8038,126.535,45.75,126.5,-11.156
哈尔滨,2020,3,45.8038,126.535,45.75,126.5,-0.862
哈尔滨,2020,4,45.8038,126.535,45.75,126.5,7.326
哈尔滨,2020,5,45.8038,126.535,45.75,126.5,15.508
哈尔滨,2020,6,45.8038,126.535,45.75,126.5,20.187
哈尔滨,2020,7,45.8038,126.535,45.75,126.5,24.449
哈尔滨,2020,8,45.8038,126.535,45.75,126.5,21.769
哈尔滨,2020,9,45.8038,126.535,45.75,126.5,16.026
哈尔滨,2020,10,45.8038,126.535,45.75,126.5,6.865
哈尔滨,2020,11,45.8038,126.535,45.75,126.5,-3.724
哈尔滨,2020,12,45.8038,126.535,45.75,126.5,-15.363
哈尔滨,2021,1,45.8038,126.535,45.75,126.5,-18.436
哈尔滨,2021,2,45.8038,126.535,45.75,126.5,-12.65
哈尔滨,2021,3,45.8038,126.535,45.75,126.5,0.066
哈尔滨,2021,4,45.8038,126.535,45.75,126.5,8.315
哈尔滨,2021,5,45.8038,126.535,45.75,126.5,16.069
哈尔滨,2021,6,45.8038,126.535,45.75,126.5,20.596
哈尔滨,2021,7,45.8038,126.535,45.75,126.5,25.87
哈尔滨,2021,8,45.8038,126.535,45.75,126.5,20.999
哈尔滨,2021,9,45.8038,126.535,45.75,126.5,15.997
哈尔滨,2021,10,45.8038,126.535,45.75,126.5,7.056
哈尔滨,2021,11,45.8038,126.535,45.75,126.5,-3.974
哈尔滨,2021,12,45.8038,126.535,45.75,126.5,-13.636
哈尔滨,2022,1,45.8038,126.535,45.75,126.5,-17.997
哈尔滨,2022,2,45.8038,126.535,45.75,126.5,-13.405
哈尔滨,2022,3,45.8038,126.535,45.75,126.5,-1.089
哈尔滨,2022,4,45.8038,126.535,45.75,126.5,8.895
哈尔滨,2022,5,45.8038,126.535,45.75,126.5,15.077
哈尔滨,2022,6,45.8038,126.535,45.75,126.5,20.816
哈尔滨,2022,7,45.8038,126.535,45.75,126.5,24.538
哈尔滨,2022,8,45.8038,126.535,45.75,126.5,20.712
哈尔滨,2022,9,45.8038,126.535,45.75,126.5,16.545
哈尔滨,2022,10,45.8038,126.535,45.75,126.5,6.236
哈尔滨,2022,11,45.8038,126.535,45.75,126.5,-3.521
哈尔滨,2022,12,45.8038,126.535,45.75,126.5,-15.276
哈尔滨,2023,1,45.8038,126.535,45.75,126.5,-18.19
哈尔滨,2023,2,45.8038,126.535,45.75,126.5,-10.555
哈尔滨,2023,3,45.8038,126.535,45.75,126.5,1.405
哈尔滨,2023,4,45.8038,126.535,45.75,126.5,7.886
哈尔滨,2023,5,45.8038,126.535,45.75,126.5,16.368
哈尔滨,2023,6,45.8038,126.535,45.75,126.5,22.003
哈尔滨,2023,7,45.8038,126.535,45.75,126.5,23.157
哈尔滨,2023,8,45.8038,126.535,45.75,126.5,21.831
哈尔滨,2023,9,45.8038,126.535,45.75,126.5,17.272
哈尔滨,2023,10,45.8038,126.535,45.75,126.5,8.41
哈尔滨,2023,11,45.8038,126.535,45.75,126.5,-9.824
哈尔滨,2023,12,45.8038,126.535,45.75,126.5,-16.899
哈尔滨,2024,1,45.8038,126.535,45.75,126.5,-18.405
哈尔滨,2024,2,45.8038,126.535,45.75,126.5,-12.374
哈尔滨,2024,3,45.8038,126.535,45.75,126.5,-2.13
哈尔滨,2024,4,45.8038,126.535,45.75,126.5,10.255
哈尔滨,2024,5,45.8038,126.535,45.75,126.5,15.349
哈尔滨,2024,6,45.8038,126.535,45.75,126.5,19.921
哈尔滨,2024,7,45.8038,126.535,45.75,126.5,24.227
哈尔滨,2024,8,45.8038,126.535,45.75,126.5,23.369
哈尔滨,2024,9,45.8038,126.535,45.75,126.5,15.84
哈尔滨,2024,10,45.8038,126.535,45.75,126.5,7.821
哈尔滨,2024,11,45.8038,126.535,45.75,126.5,-2.348
哈尔滨,2024,12,45.8038,126.535,45.75,126.5,-14.306
乌鲁木齐,2020,1,43.8256,87.6168,43.75,87.5,-10.551
乌鲁木齐,2020,2,43.8256,87.6168,43.75,87.5,-4.332
乌鲁木齐,2020,3,43.8256,87.6168,43.75,87.5,2.64
乌鲁木齐,2020,4,43.8256,87.6168,43.75,87.5,15.499
乌鲁木齐,2020,5,43.8256,87.6168,43.75,87.5,19.137
乌鲁木齐,2020,6,43.8256,87.6168,43.75,87.5,20.802
乌鲁木齐,2020,7,43.8256,87.6168,43.75,87.5,22.835
乌鲁木齐,2020,8,43.8256,87.6168,43.75,87.5,22.046
乌鲁木齐,2020,9,43.8256,87.6168,43.75,87.5,14.479
乌鲁木齐,2020,10,43.8256,87.6168,43.75,87.5,6.681
乌鲁木齐,2020,11,43.8256,87.6168,43.75,87.5,-2.324
乌鲁木齐,2020,12,43.8256,87.6168,43.75,87.5,-13.722
乌鲁木齐,2021,1,43.8256,87.6168,43.75,87.5,-12.805
乌鲁木齐,2021,2,43.8256,87.6168,43.75,87.5,-4.681
乌鲁木齐,2021,3,43.8256,87.6168,43.75,87.5,1.239
乌鲁木齐,2021,4,43.8256,87.6168,43.75,87.5,10.844
乌鲁木齐,2021,5,43.8256,87.6168,43.75,87.5,18.02
乌鲁木齐,2021,6,43.8256,87.6168,43.75,87.5,20.579
乌鲁木齐,2021,7,43.8256,87.6168,43.75,87.5,25.85
乌鲁木齐,2021,8,43.8256,87.6168,43.75,87.5,22.119
乌鲁木齐,2021,9,43.8256,87.6168,43.75,87.5,18.089
乌鲁木齐,2021,10,43.8256,87.6168,43.75,87.5,5.2
乌鲁木齐,2021,11,43.8256,87.6168,43.75,87.5,-3.554
乌鲁木齐,2021,12,43.8256,87.6168,43.75,87.5,-8.63
乌鲁木齐,2022,1,43.8256,87.6168,43.75,87.5,-9.214
乌鲁木齐,2022,2,43.8256,87.6168,43.75,87.5,-8.593
乌鲁木齐,2022,3,43.8256,87.6168,43.75,87.5,2.602
乌鲁木齐,2022,4,43.8256,87.6168,43.75,87.5,12.97
乌鲁木齐,2022,5,43.8256,87.6168,43.75,87.5,20.465
乌鲁木齐,2022,6,43.8256,87.6168,43.75,87.5,23.898
乌鲁木齐,2022,7,43.8256,87.6168,43.75,87.5,23.772
乌鲁木齐,2022,8,43.8256,87.6168,43.75,87.5,21.388
乌鲁木齐,2022,9,43.8256,87.6168,43.75,87.5,18.455
乌鲁木齐,2022,10,43.8256,87.6168,43.75,87.5,7.088
乌鲁木齐,2022,11,43.8256,87.6168,43.75,87.5,-2.365
乌鲁木齐,2022,12,43.8256,87.6168,43.75,87.5,-12.549
乌鲁木齐,2023,1,43.8256,87.6168,43.75,87.5,-12.876
乌鲁木齐,2023,2,43.8256,87.6168,43.75,87.5,-5.389
乌鲁木齐,2023,3,43.8256,87.6168,43.75,87.5,4.499
乌鲁木齐,2023,4,43.8256,87.6168,43.75,87.5,8.58
乌鲁木齐,2023,5,43.8256,87.6168,43.75,87.5,14.423
乌鲁木齐,2023,6,43.8256,87.6168,43.75,87.5,23.282
乌鲁木齐,2023,7,43.8256,87.6168,43.75,87.5,25.335
乌鲁木齐,2023,8,43.8256,87.6168,43.75,87.5,23.068
乌鲁木齐,2023,9,43.8256,87.6168,43.75,87.5,15.505
乌鲁木齐,2023,10,43.8256,87.6168,43.75,87.5,10.944
乌鲁木齐,2023,11,43.8256,87.6168,43.75,87.5,1.107
乌鲁木齐,2023,12,43.8256,87.6168,43.75,87.5,-9.258
乌鲁木齐,2024,1,43.8256,87.6168,43.75,87.5,-9.829
乌鲁木齐,2024,2,43.8256,87.6168,43.75,87.5,-9.781
乌鲁木齐,2024,3,43.8256,87.6168,43.75,87.5,2.337
乌鲁木齐,2024,4,43.8256,87.6168,43.75,87.5,10.981
乌鲁木齐,2024,5,43.8256,87.6168,43.75,87.5,18.989
乌鲁木齐,2024,6,43.8256,87.6168,43.75,87.5,23.923
乌鲁木齐,2024,7,43.8256,87.6168,43.75,87.5,24.858
乌鲁木齐,2024,8,43.8256,87.6168,43.75,87.5,24.101
乌鲁木齐,2024,9,43.8256,87.6168,43.75,87.5,14.141
乌鲁木齐,2024,10,43.8256,87.6168,43.75,87.5,8.302
乌鲁木齐,2024,11,43.8256,87.6168,43.75,87.5,-1.504
乌鲁木齐,2024,12,43.8256,87.6168,43.75,87.5,-12.099
